Frame,Time,Emotion,Score
0,22:14:01,Neutral,20
1,22:14:01,Neutral,20
2,22:14:01,Neutral,20
3,22:14:01,Neutral,20
4,22:14:01,Neutral,20
5,22:14:02,Neutral,20
6,22:14:02,Neutral,20
7,22:14:02,Neutral,20
8,22:14:02,Neutral,20
9,22:14:02,Neutral,20
10,22:14:02,Neutral,20
11,22:14:02,Neutral,20
12,22:14:02,Neutral,20
13,22:14:02,Neutral,20
14,22:14:02,Neutral,20
15,22:14:02,Neutral,20
16,22:14:02,Neutral,20
17,22:14:02,Neutral,20
18,22:14:02,Neutral,20
19,22:14:02,Neutral,20
20,22:14:02,Neutral,20
21,22:14:02,Neutral,20
22,22:14:02,Neutral,20
23,22:14:02,Neutral,20
24,22:14:02,Neutral,20
25,22:14:02,Neutral,20
26,22:14:03,Neutral,20
27,22:14:03,Neutral,20
28,22:14:03,Neutral,20
29,22:14:03,Neutral,20
30,22:14:03,Neutral,20
31,22:14:03,Neutral,20
32,22:14:03,Neutral,20
33,22:14:03,Neutral,20
34,22:14:03,Neutral,20
35,22:14:03,Neutral,20
36,22:14:03,Neutral,20
37,22:14:03,Neutral,20
38,22:14:03,Neutral,20
39,22:14:03,Neutral,20
40,22:14:03,Neutral,20
41,22:14:03,Neutral,20
42,22:14:03,Neutral,20
43,22:14:03,Neutral,20
44,22:14:03,Neutral,20
45,22:14:03,Neutral,20
46,22:14:03,Neutral,20
47,22:14:03,Neutral,20
48,22:14:03,Neutral,20
49,22:14:03,Neutral,20
50,22:14:03,Neutral,20
51,22:14:03,Neutral,20
52,22:14:04,Neutral,20
53,22:14:04,Neutral,20
54,22:14:04,Neutral,20
55,22:14:04,Neutral,20
56,22:14:04,Neutral,20
57,22:14:04,Neutral,20
58,22:14:04,Neutral,20
59,22:14:04,Neutral,20
60,22:14:04,Neutral,20
61,22:14:04,Neutral,20
62,22:14:04,Neutral,20
63,22:14:04,Neutral,20
64,22:14:04,Neutral,20
65,22:14:04,Neutral,20
66,22:14:04,Neutral,20
67,22:14:04,Neutral,20
68,22:14:04,Neutral,20
69,22:14:04,Neutral,20
70,22:14:04,Neutral,20
71,22:14:04,Neutral,20
72,22:14:04,Neutral,20
73,22:14:04,Neutral,20
74,22:14:04,Neutral,20
75,22:14:04,Neutral,20
76,22:14:04,Neutral,20
77,22:14:04,Neutral,20
78,22:14:04,Neutral,20
79,22:14:04,Neutral,20
80,22:14:04,Neutral,20
81,22:14:05,Neutral,20
82,22:14:05,Neutral,20
83,22:14:05,Neutral,20
84,22:14:05,Neutral,20
85,22:14:05,Neutral,20
86,22:14:05,Neutral,20
87,22:14:05,Neutral,20
88,22:14:05,Neutral,20
89,22:14:05,Neutral,20
90,22:14:05,Neutral,20
91,22:14:05,Neutral,20
92,22:14:05,Neutral,20
93,22:14:05,Neutral,20
94,22:14:05,Neutral,20
95,22:14:05,Neutral,20
96,22:14:05,Neutral,20
97,22:14:05,Neutral,20
98,22:14:05,Neutral,20
99,22:14:05,Neutral,20
100,22:14:05,Neutral,20
101,22:14:05,Neutral,20
102,22:14:05,Neutral,20
103,22:14:05,Neutral,20
104,22:14:05,Neutral,20
105,22:14:05,Neutral,20
106,22:14:05,Neutral,20
107,22:14:05,Neutral,20
108,22:14:06,Neutral,20
109,22:14:06,Neutral,20
110,22:14:06,Neutral,20
111,22:14:06,Neutral,20
112,22:14:06,Neutral,20
113,22:14:06,Neutral,20
114,22:14:06,Neutral,20
115,22:14:06,Neutral,20
116,22:14:06,Neutral,20
117,22:14:06,Neutral,20
118,22:14:06,Neutral,20
119,22:14:06,Neutral,20
120,22:14:06,Neutral,20
121,22:14:06,Neutral,20
122,22:14:06,Neutral,20
123,22:14:06,Neutral,20
124,22:14:06,Neutral,20
125,22:14:06,Neutral,20
126,22:14:06,Neutral,20
127,22:14:06,Neutral,20
128,22:14:06,Neutral,20
129,22:14:06,Neutral,20
130,22:14:06,Neutral,20
131,22:14:06,Neutral,20
132,22:14:06,Neutral,20
133,22:14:07,Neutral,20
134,22:14:07,Neutral,20
135,22:14:07,Neutral,20
136,22:14:07,Neutral,20
137,22:14:07,Neutral,20
138,22:14:07,Neutral,20
139,22:14:07,Neutral,20
140,22:14:07,Neutral,20
141,22:14:07,Neutral,20
142,22:14:07,Neutral,20
143,22:14:07,Neutral,20
144,22:14:07,Neutral,20
145,22:14:07,Neutral,20
146,22:14:07,Neutral,20
147,22:14:07,Neutral,20
148,22:14:07,Neutral,20
149,22:14:07,Neutral,20
150,22:14:07,Neutral,20
151,22:14:07,Neutral,20
152,22:14:07,Neutral,20
153,22:14:07,Neutral,20
154,22:14:07,Neutral,20
155,22:14:07,Neutral,20
156,22:14:07,Neutral,20
157,22:14:07,Neutral,20
158,22:14:07,Neutral,20
159,22:14:07,Neutral,20
160,22:14:07,Neutral,20
161,22:14:08,Neutral,20
162,22:14:08,Neutral,20
163,22:14:08,Neutral,20
164,22:14:08,Neutral,20
165,22:14:08,Neutral,20
166,22:14:08,Neutral,20
167,22:14:08,Neutral,20
168,22:14:08,Neutral,20
169,22:14:08,Neutral,20
170,22:14:08,Neutral,20
171,22:14:08,Neutral,20
172,22:14:08,Neutral,20
173,22:14:08,Neutral,20
174,22:14:08,Neutral,20
175,22:14:08,Neutral,20
176,22:14:08,Neutral,20
177,22:14:08,Neutral,20
178,22:14:08,Neutral,20
179,22:14:08,Neutral,20
180,22:14:08,Neutral,20
181,22:14:08,Neutral,20
182,22:14:08,Neutral,20
183,22:14:08,Neutral,20
184,22:14:08,Neutral,20
185,22:14:08,Neutral,20
186,22:14:08,Neutral,20
187,22:14:08,Neutral,20
188,22:14:09,Neutral,20
189,22:14:09,Neutral,20
190,22:14:09,Neutral,20
191,22:14:09,Neutral,20
192,22:14:09,Neutral,20
193,22:14:09,Neutral,20
194,22:14:09,Neutral,20
195,22:14:09,Neutral,20
196,22:14:10,Neutral,20
197,22:14:10,Neutral,20
198,22:14:11,Neutral,20
199,22:14:11,Neutral,20
200,22:14:11,Neutral,20
201,22:14:11,Neutral,20
202,22:14:11,Neutral,20
203,22:14:11,Neutral,20
204,22:14:11,Neutral,20
205,22:14:11,Neutral,20
206,22:14:11,Neutral,20
207,22:14:11,Neutral,20
208,22:14:11,Neutral,20
209,22:14:11,Neutral,20
210,22:14:11,Neutral,20
211,22:14:11,Neutral,20
212,22:14:11,Neutral,20
213,22:14:11,Neutral,20
214,22:14:11,Neutral,20
215,22:14:11,Neutral,20
216,22:14:11,Neutral,20
217,22:14:11,Neutral,20
218,22:14:12,Neutral,20
219,22:14:12,Neutral,20
220,22:14:12,Neutral,20
221,22:14:12,Neutral,20
222,22:14:12,Neutral,20
223,22:14:12,Neutral,20
224,22:14:12,Neutral,20
225,22:14:12,Neutral,20
226,22:14:12,Neutral,20
227,22:14:12,Neutral,20
228,22:14:12,Neutral,20
229,22:14:12,Neutral,20
230,22:14:12,Neutral,20
231,22:14:12,Neutral,20
232,22:14:12,Neutral,20
233,22:14:12,Neutral,20
234,22:14:12,Neutral,20
235,22:14:12,Neutral,20
236,22:14:12,Neutral,20
237,22:14:12,Neutral,20
238,22:14:13,Neutral,20
239,22:14:13,Neutral,20
240,22:14:13,Neutral,20
241,22:14:13,Neutral,20
242,22:14:13,Neutral,20
243,22:14:13,Neutral,20
244,22:14:13,Neutral,20
245,22:14:13,Neutral,20
246,22:14:13,Neutral,20
247,22:14:13,Neutral,20
248,22:14:13,Neutral,20
249,22:14:13,Neutral,20
250,22:14:13,Neutral,20
251,22:14:13,Neutral,20
252,22:14:13,Neutral,20
253,22:14:13,Neutral,20
254,22:14:13,Neutral,20
255,22:14:13,Neutral,20
256,22:14:13,Neutral,20
257,22:14:13,Neutral,20
258,22:14:13,Neutral,20
259,22:14:14,Neutral,20
260,22:14:14,Neutral,20
261,22:14:14,Neutral,20
262,22:14:14,Neutral,20
263,22:14:14,Neutral,20
264,22:14:14,Neutral,20
265,22:14:14,Neutral,20
266,22:14:14,Neutral,20
267,22:14:14,Neutral,20
268,22:14:14,Neutral,20
269,22:14:14,Neutral,20
270,22:14:14,Neutral,20
271,22:14:14,Neutral,20
272,22:14:14,Neutral,20
273,22:14:14,Neutral,20
274,22:14:14,Neutral,20
275,22:14:14,Neutral,20
276,22:14:14,Neutral,20
277,22:14:14,Neutral,20
278,22:14:15,Neutral,20
279,22:14:15,Neutral,20
280,22:14:15,Neutral,20
281,22:14:15,Neutral,20
282,22:14:15,Neutral,20
283,22:14:15,Neutral,20
284,22:14:15,Neutral,20
285,22:14:15,Neutral,20
286,22:14:15,Neutral,20
287,22:14:15,Neutral,20
288,22:14:15,Neutral,20
289,22:14:15,Neutral,20
290,22:14:15,Neutral,20
291,22:14:15,Neutral,20
292,22:14:15,Neutral,20
293,22:14:15,Neutral,20
294,22:14:15,Neutral,20
295,22:14:15,Neutral,20
296,22:14:15,Neutral,20
297,22:14:15,Neutral,20
298,22:14:16,Neutral,20
299,22:14:16,Neutral,20
300,22:14:16,Neutral,20
301,22:14:16,Neutral,20
302,22:14:16,Neutral,20
303,22:14:16,Neutral,20
304,22:14:16,Neutral,20
305,22:14:16,Neutral,20
306,22:14:16,Neutral,20
307,22:14:16,Neutral,20
308,22:14:16,Neutral,20
309,22:14:16,Neutral,20
310,22:14:16,Neutral,20
311,22:14:16,Neutral,20
312,22:14:16,Neutral,20
313,22:14:16,Neutral,20
314,22:14:17,Neutral,20
315,22:14:17,Neutral,20
316,22:14:17,Neutral,20
317,22:14:17,Neutral,20
318,22:14:17,Neutral,20
319,22:14:17,Neutral,20
320,22:14:17,Neutral,20
321,22:14:17,Neutral,20
322,22:14:17,Neutral,20
323,22:14:17,Neutral,20
324,22:14:17,Neutral,20
325,22:14:17,Neutral,20
326,22:14:17,Neutral,20
327,22:14:17,Neutral,20
328,22:14:17,Neutral,20
329,22:14:17,Neutral,20
330,22:14:17,Neutral,20
331,22:14:18,Neutral,20
332,22:14:18,Neutral,20
333,22:14:18,Neutral,20
334,22:14:18,Neutral,20
335,22:14:18,Neutral,20
336,22:14:18,Neutral,20
337,22:14:18,Neutral,20
338,22:14:18,Neutral,20
339,22:14:18,Neutral,20
340,22:14:18,Neutral,20
341,22:14:18,Neutral,20
342,22:14:18,Neutral,20
343,22:14:18,Neutral,20
344,22:14:18,Neutral,20
345,22:14:18,Neutral,20
346,22:14:18,Neutral,20
347,22:14:18,Neutral,20
348,22:14:18,Neutral,20
349,22:14:19,Neutral,20
350,22:14:19,Neutral,20
351,22:14:19,Neutral,20
352,22:14:19,Neutral,20
353,22:14:19,Neutral,20
354,22:14:19,Neutral,20
355,22:14:19,Neutral,20
356,22:14:19,Neutral,20
357,22:14:19,Neutral,20
358,22:14:19,Neutral,20
359,22:14:19,Neutral,20
360,22:14:19,Neutral,20
361,22:14:19,Neutral,20
362,22:14:19,Neutral,20
363,22:14:19,Neutral,20
364,22:14:19,Neutral,20
365,22:14:19,Neutral,20
366,22:14:20,Neutral,20
367,22:14:20,Neutral,20
368,22:14:20,Neutral,20
369,22:14:20,Neutral,20
370,22:14:20,Neutral,20
371,22:14:20,Neutral,20
372,22:14:20,Neutral,20
373,22:14:20,Neutral,20
374,22:14:20,Neutral,20
375,22:14:20,Neutral,20
376,22:14:20,Neutral,20
377,22:14:20,Neutral,20
378,22:14:20,Neutral,20
379,22:14:20,Neutral,20
380,22:14:20,Neutral,20
381,22:14:20,Neutral,20
382,22:14:20,Neutral,20
383,22:14:21,Neutral,20
384,22:14:21,Neutral,20
385,22:14:21,Neutral,20
386,22:14:21,Neutral,20
387,22:14:21,Neutral,20
388,22:14:21,Neutral,20
389,22:14:21,Neutral,20
390,22:14:21,Neutral,20
391,22:14:21,Neutral,20
392,22:14:21,Neutral,20
393,22:14:21,Neutral,20
394,22:14:21,Neutral,20
395,22:14:21,Neutral,20
396,22:14:21,Neutral,20
397,22:14:21,Neutral,20
398,22:14:21,Neutral,20
399,22:14:22,Neutral,20
400,22:14:22,Neutral,20
401,22:14:22,Neutral,20
402,22:14:22,Neutral,20
403,22:14:22,Neutral,20
404,22:14:22,Neutral,20
405,22:14:22,Neutral,20
406,22:14:22,Neutral,20
407,22:14:22,Neutral,20
408,22:14:22,Neutral,20
409,22:14:22,Neutral,20
410,22:14:22,Neutral,20
411,22:14:22,Neutral,20
412,22:14:22,Neutral,20
413,22:14:22,Neutral,20
414,22:14:22,Neutral,20
415,22:14:22,Neutral,20
416,22:14:23,Neutral,20
417,22:14:23,Neutral,20
418,22:14:23,Neutral,20
419,22:14:23,Neutral,20
420,22:14:23,Neutral,20
421,22:14:23,Neutral,20
422,22:14:23,Neutral,20
423,22:14:23,Neutral,20
424,22:14:23,Angry,50
425,22:14:23,Angry,50
426,22:14:23,Angry,50
427,22:14:23,Neutral,20
428,22:14:23,Neutral,20
429,22:14:23,Neutral,20
430,22:14:23,Neutral,20
431,22:14:23,Neutral,20
432,22:14:23,Neutral,20
433,22:14:23,Neutral,20
434,22:14:24,Neutral,20
435,22:14:24,Neutral,20
436,22:14:24,Neutral,20
437,22:14:24,Neutral,20
438,22:14:24,Neutral,20
439,22:14:24,Neutral,20
440,22:14:24,Neutral,20
441,22:14:24,Neutral,20
442,22:14:24,Neutral,20
443,22:14:24,Neutral,20
444,22:14:24,Neutral,20
445,22:14:24,Neutral,20
446,22:14:24,Neutral,20
447,22:14:24,Neutral,20
448,22:14:24,Neutral,20
449,22:14:24,Neutral,20
450,22:14:24,Neutral,20
451,22:14:25,Neutral,20
452,22:14:25,Neutral,20
453,22:14:25,Neutral,20
454,22:14:25,Neutral,20
455,22:14:25,Happy,44
456,22:14:25,Neutral,20
457,22:14:25,Neutral,20
458,22:14:25,Neutral,20
459,22:14:25,Neutral,20
460,22:14:25,Neutral,20
461,22:14:25,Neutral,20
462,22:14:25,Neutral,20
463,22:14:25,Neutral,20
464,22:14:25,Neutral,20
465,22:14:25,Neutral,20
466,22:14:25,Neutral,20
467,22:14:26,Neutral,20
468,22:14:26,Neutral,20
469,22:14:26,Neutral,20
470,22:14:26,Neutral,20
471,22:14:26,Neutral,20
472,22:14:26,Neutral,20
473,22:14:26,Neutral,20
474,22:14:26,Neutral,20
475,22:14:26,Neutral,20
476,22:14:26,Neutral,20
477,22:14:26,Neutral,20
478,22:14:26,Neutral,20
479,22:14:26,Neutral,20
480,22:14:26,Neutral,20
481,22:14:26,Neutral,20
482,22:14:27,Neutral,20
483,22:14:27,Neutral,20
484,22:14:27,Neutral,20
485,22:14:27,Neutral,20
486,22:14:27,Neutral,20
487,22:14:27,Neutral,20
488,22:14:27,Neutral,20
489,22:14:27,Neutral,20
490,22:14:27,Neutral,20
491,22:14:27,Neutral,20
492,22:14:27,Neutral,20
493,22:14:27,Neutral,20
494,22:14:27,Neutral,20
495,22:14:27,Neutral,20
496,22:14:27,Neutral,20
497,22:14:27,Neutral,20
498,22:14:27,Neutral,20
499,22:14:28,Neutral,20
500,22:14:28,Happy,43
501,22:14:28,Neutral,20
502,22:14:28,Neutral,20
503,22:14:28,Neutral,20
504,22:14:28,Neutral,20
505,22:14:28,Neutral,20
506,22:14:28,Neutral,20
507,22:14:28,Neutral,20
508,22:14:28,Neutral,20
509,22:14:28,Neutral,20
510,22:14:28,Neutral,20
511,22:14:28,Neutral,20
512,22:14:28,Neutral,20
513,22:14:28,Neutral,20
514,22:14:28,Neutral,20
515,22:14:28,Neutral,20
516,22:14:28,Neutral,20
517,22:14:28,Neutral,20
518,22:14:29,Neutral,20
519,22:14:29,Neutral,20
520,22:14:29,Neutral,20
521,22:14:29,Neutral,20
522,22:14:29,Neutral,20
523,22:14:29,Neutral,20
524,22:14:29,Neutral,20
525,22:14:29,Neutral,20
526,22:14:29,Neutral,20
527,22:14:29,Neutral,20
528,22:14:29,Neutral,20
529,22:14:29,Neutral,20
530,22:14:29,Neutral,20
531,22:14:29,Neutral,20
532,22:14:29,Neutral,20
533,22:14:29,Neutral,20
534,22:14:29,Neutral,20
535,22:14:29,Neutral,20
536,22:14:29,Neutral,20
537,22:14:29,Neutral,20
538,22:14:29,Neutral,20
539,22:14:30,Neutral,20
540,22:14:30,Neutral,20
541,22:14:30,Neutral,20
542,22:14:30,Neutral,20
543,22:14:30,Neutral,20
544,22:14:30,Neutral,20
545,22:14:30,Neutral,20
546,22:14:30,Neutral,20
547,22:14:30,Neutral,20
548,22:14:30,Neutral,20
549,22:14:30,Neutral,20
550,22:14:30,Neutral,20
551,22:14:30,Neutral,20
552,22:14:30,Neutral,20
553,22:14:30,Angry,50
554,22:14:30,Angry,50
555,22:14:30,Neutral,20
556,22:14:30,Neutral,20
557,22:14:30,Neutral,20
558,22:14:30,Neutral,20
559,22:14:30,Neutral,20
560,22:14:30,Neutral,20
561,22:14:31,Neutral,20
562,22:14:31,Neutral,20
563,22:14:31,Neutral,20
564,22:14:31,Neutral,20
565,22:14:31,Neutral,20
566,22:14:31,Neutral,20
567,22:14:31,Neutral,20
568,22:14:31,Neutral,20
569,22:14:31,Neutral,20
570,22:14:31,Neutral,20
571,22:14:31,Neutral,20
572,22:14:31,Neutral,20
573,22:14:31,Neutral,20
574,22:14:31,Neutral,20
575,22:14:31,Neutral,20
576,22:14:31,Neutral,20
577,22:14:31,Neutral,20
578,22:14:31,Neutral,20
579,22:14:31,Neutral,20
580,22:14:31,Neutral,20
581,22:14:31,Neutral,20
582,22:14:31,Neutral,20
583,22:14:32,Neutral,20
584,22:14:32,Neutral,20
585,22:14:32,Neutral,20
586,22:14:32,Neutral,20
587,22:14:32,Neutral,20
588,22:14:32,Neutral,20
589,22:14:32,Neutral,20
590,22:14:32,Neutral,20
591,22:14:32,Neutral,20
592,22:14:32,Neutral,20
593,22:14:32,Neutral,20
594,22:14:32,Neutral,20
595,22:14:32,Neutral,20
596,22:14:32,Neutral,20
597,22:14:32,Neutral,20
598,22:14:32,Neutral,20
599,22:14:32,Neutral,20
600,22:14:32,Neutral,20
601,22:14:32,Neutral,20
602,22:14:32,Neutral,20
603,22:14:32,Neutral,20
604,22:14:33,Neutral,20
605,22:14:33,Neutral,20
606,22:14:33,Neutral,20
607,22:14:33,Neutral,20
608,22:14:33,Neutral,20
609,22:14:33,Neutral,20
610,22:14:33,Neutral,20
611,22:14:33,Neutral,20
612,22:14:33,Neutral,20
613,22:14:33,Neutral,20
614,22:14:33,Neutral,20
615,22:14:33,Neutral,20
616,22:14:33,Neutral,20
617,22:14:33,Neutral,20
618,22:14:33,Neutral,20
619,22:14:33,Neutral,20
620,22:14:33,Neutral,20
621,22:14:33,Neutral,20
622,22:14:33,Neutral,20
623,22:14:33,Neutral,20
624,22:14:33,Neutral,20
625,22:14:34,Neutral,20
626,22:14:34,Neutral,20
627,22:14:34,Neutral,20
628,22:14:34,Neutral,20
629,22:14:34,Neutral,20
630,22:14:34,Neutral,20
631,22:14:34,Neutral,20
632,22:14:34,Neutral,20
633,22:14:34,Neutral,20
634,22:14:34,Neutral,20
635,22:14:34,Neutral,20
636,22:14:34,Neutral,20
637,22:14:34,Neutral,20
638,22:14:34,Neutral,20
639,22:14:34,Neutral,20
640,22:14:34,Neutral,20
641,22:14:34,Neutral,20
642,22:14:34,Neutral,20
643,22:14:34,Neutral,20
644,22:14:34,Neutral,20
645,22:14:34,Neutral,20
646,22:14:34,Neutral,20
647,22:14:35,Neutral,20
648,22:14:35,Neutral,20
649,22:14:35,Neutral,20
650,22:14:35,Neutral,20
651,22:14:35,Neutral,20
652,22:14:35,Neutral,20
653,22:14:35,Neutral,20
654,22:14:35,Neutral,20
655,22:14:35,Neutral,20
656,22:14:35,Neutral,20
657,22:14:35,Neutral,20
658,22:14:35,Neutral,20
659,22:14:35,Neutral,20
660,22:14:35,Neutral,20
661,22:14:35,Neutral,20
662,22:14:35,Neutral,20
663,22:14:35,Neutral,20
664,22:14:35,Neutral,20
665,22:14:35,Neutral,20
666,22:14:35,Neutral,20
667,22:14:35,Neutral,20
668,22:14:35,Neutral,20
669,22:14:36,Neutral,20
670,22:14:36,Neutral,20
671,22:14:36,Neutral,20
672,22:14:36,Neutral,20
673,22:14:36,Neutral,20
674,22:14:36,Neutral,20
675,22:14:36,Neutral,20
676,22:14:36,Neutral,20
677,22:14:36,Neutral,20
678,22:14:36,Neutral,20
679,22:14:36,Neutral,20
680,22:14:36,Neutral,20
681,22:14:36,Neutral,20
682,22:14:36,Neutral,20
683,22:14:36,Neutral,20
684,22:14:36,Neutral,20
685,22:14:36,Neutral,20
686,22:14:36,Neutral,20
687,22:14:36,Neutral,20
688,22:14:36,Neutral,20
689,22:14:36,Neutral,20
690,22:14:37,Neutral,20
691,22:14:37,Neutral,20
692,22:14:37,Neutral,20
693,22:14:37,Neutral,20
694,22:14:37,Neutral,20
695,22:14:37,Neutral,20
696,22:14:37,Neutral,20
697,22:14:37,Neutral,20
698,22:14:37,Neutral,20
699,22:14:37,Neutral,20
700,22:14:37,Neutral,20
701,22:14:37,Neutral,20
702,22:14:37,Neutral,20
703,22:14:37,Neutral,20
704,22:14:37,Neutral,20
705,22:14:37,Neutral,20
706,22:14:37,Neutral,20
707,22:14:37,Neutral,20
708,22:14:37,Neutral,20
709,22:14:37,Neutral,20
710,22:14:37,Neutral,20
711,22:14:37,Neutral,20
712,22:14:38,Neutral,20
713,22:14:38,Neutral,20
714,22:14:38,Neutral,20
715,22:14:38,Neutral,20
716,22:14:38,Neutral,20
717,22:14:38,Neutral,20
718,22:14:38,Neutral,20
719,22:14:38,Neutral,20
720,22:14:38,Neutral,20
721,22:14:38,Neutral,20
722,22:14:38,Neutral,20
723,22:14:38,Neutral,20
724,22:14:38,Neutral,20
725,22:14:38,Neutral,20
726,22:14:38,Neutral,20
727,22:14:38,Neutral,20
728,22:14:38,Neutral,20
729,22:14:38,Neutral,20
730,22:14:38,Neutral,20
731,22:14:38,Neutral,20
732,22:14:38,Neutral,20
733,22:14:39,Neutral,20
734,22:14:39,Neutral,20
735,22:14:39,Neutral,20
736,22:14:39,Neutral,20
737,22:14:39,Neutral,20
738,22:14:39,Neutral,20
739,22:14:39,Neutral,20
740,22:14:39,Neutral,20
741,22:14:39,Neutral,20
742,22:14:39,Neutral,20
743,22:14:39,Neutral,20
744,22:14:39,Neutral,20
745,22:14:39,Neutral,20
746,22:14:39,Neutral,20
747,22:14:39,Neutral,20
748,22:14:39,Neutral,20
749,22:14:39,Neutral,20
750,22:14:39,Neutral,20
751,22:14:39,Neutral,20
752,22:14:39,Neutral,20
753,22:14:39,Neutral,20
754,22:14:39,Neutral,20
755,22:14:39,Neutral,20
756,22:14:40,Neutral,20
757,22:14:40,Neutral,20
758,22:14:40,Neutral,20
759,22:14:40,Neutral,20
760,22:14:40,Neutral,20
761,22:14:40,Neutral,20
762,22:14:40,Neutral,20
763,22:14:40,Neutral,20
764,22:14:40,Angry,50
765,22:14:40,Neutral,20
766,22:14:40,Neutral,20
767,22:14:40,Neutral,20
768,22:14:40,Angry,50
769,22:14:40,Neutral,20
770,22:14:40,Neutral,20
771,22:14:40,Neutral,20
772,22:14:40,Neutral,20
773,22:14:40,Neutral,20
774,22:14:40,Neutral,20
775,22:14:40,Neutral,20
776,22:14:41,Neutral,20
777,22:14:41,Neutral,20
778,22:14:41,Neutral,20
779,22:14:41,Neutral,20
780,22:14:41,Neutral,20
781,22:14:41,Neutral,20
782,22:14:41,Neutral,20
783,22:14:41,Neutral,20
784,22:14:41,Neutral,20
785,22:14:41,Neutral,20
786,22:14:41,Neutral,20
787,22:14:41,Neutral,20
788,22:14:41,Neutral,20
789,22:14:41,Neutral,20
790,22:14:41,Neutral,20
791,22:14:41,Neutral,20
792,22:14:41,Neutral,20
793,22:14:41,Neutral,20
794,22:14:41,Neutral,20
795,22:14:41,Neutral,20
796,22:14:42,Neutral,20
797,22:14:42,Neutral,20
798,22:14:42,Neutral,20
799,22:14:42,Neutral,20
800,22:14:42,Neutral,20
801,22:14:42,Happy,42
802,22:14:42,Happy,44
803,22:14:42,Neutral,20
804,22:14:42,Neutral,20
805,22:14:42,Neutral,20
806,22:14:42,Neutral,20
807,22:14:42,Happy,42
808,22:14:42,Neutral,20
809,22:14:42,Neutral,20
810,22:14:42,Neutral,20
811,22:14:42,Neutral,20
812,22:14:42,Neutral,20
813,22:14:42,Neutral,20
814,22:14:42,Neutral,20
815,22:14:42,Neutral,20
816,22:14:43,Neutral,20
817,22:14:43,Neutral,20
818,22:14:43,Neutral,20
819,22:14:43,Neutral,20
820,22:14:43,Happy,42
821,22:14:43,Neutral,20
822,22:14:43,Happy,42
823,22:14:43,Neutral,20
824,22:14:43,Neutral,20
825,22:14:43,Neutral,20
826,22:14:43,Neutral,20
827,22:14:43,Neutral,20
828,22:14:43,Neutral,20
829,22:14:43,Neutral,20
830,22:14:43,Neutral,20
831,22:14:43,Neutral,20
832,22:14:43,Neutral,20
833,22:14:43,Neutral,20
834,22:14:43,Neutral,20
835,22:14:43,Neutral,20
836,22:14:44,Neutral,20
837,22:14:44,Neutral,20
838,22:14:44,Neutral,20
839,22:14:44,Neutral,20
840,22:14:44,Neutral,20
841,22:14:44,Neutral,20
842,22:14:44,Neutral,20
843,22:14:44,Neutral,20
844,22:14:44,Neutral,20
845,22:14:44,Neutral,20
846,22:14:44,Neutral,20
847,22:14:44,Neutral,20
848,22:14:44,Neutral,20
849,22:14:44,Neutral,20
850,22:14:44,Neutral,20
851,22:14:44,Neutral,20
852,22:14:44,Neutral,20
853,22:14:44,Neutral,20
854,22:14:44,Neutral,20
855,22:14:44,Neutral,20
856,22:14:44,Neutral,20
857,22:14:44,Neutral,20
858,22:14:45,Neutral,20
859,22:14:45,Neutral,20
860,22:14:45,Neutral,20
861,22:14:45,Neutral,20
862,22:14:45,Neutral,20
863,22:14:45,Neutral,20
864,22:14:45,Neutral,20
865,22:14:45,Neutral,20
866,22:14:45,Neutral,20
867,22:14:45,Neutral,20
868,22:14:45,Neutral,20
869,22:14:45,Angry,50
870,22:14:45,Neutral,20
871,22:14:45,Neutral,20
872,22:14:45,Neutral,20
873,22:14:45,Neutral,20
874,22:14:45,Neutral,20
875,22:14:45,Neutral,20
876,22:14:45,Neutral,20
877,22:14:45,Neutral,20
878,22:14:45,Neutral,20
879,22:14:45,Neutral,20
880,22:14:46,Neutral,20
881,22:14:46,Neutral,20
882,22:14:46,Neutral,20
883,22:14:46,Neutral,20
884,22:14:46,Neutral,20
885,22:14:46,Neutral,20
886,22:14:46,Neutral,20
887,22:14:46,Neutral,20
888,22:14:46,Neutral,20
889,22:14:46,Neutral,20
890,22:14:46,Neutral,20
891,22:14:46,Neutral,20
892,22:14:46,Neutral,20
893,22:14:46,Neutral,20
894,22:14:46,Neutral,20
895,22:14:46,Neutral,20
896,22:14:46,Neutral,20
897,22:14:46,Neutral,20
898,22:14:46,Neutral,20
899,22:14:46,Neutral,20
900,22:14:46,Neutral,20
901,22:14:46,Neutral,20
902,22:14:46,Neutral,20
903,22:14:47,Neutral,20
904,22:14:47,Neutral,20
905,22:14:47,Neutral,20
906,22:14:47,Neutral,20
907,22:14:47,Neutral,20
908,22:14:47,Neutral,20
909,22:14:47,Neutral,20
910,22:14:47,Neutral,20
911,22:14:47,Neutral,20
912,22:14:47,Neutral,20
913,22:14:47,Neutral,20
914,22:14:47,Neutral,20
915,22:14:47,Neutral,20
916,22:14:47,Neutral,20
917,22:14:47,Neutral,20
918,22:14:47,Neutral,20
919,22:14:47,Neutral,20
920,22:14:47,Neutral,20
921,22:14:47,Neutral,20
922,22:14:47,Neutral,20
923,22:14:47,Neutral,20
924,22:14:47,Neutral,20
925,22:14:47,Neutral,20
926,22:14:47,Neutral,20
927,22:14:47,Neutral,20
928,22:14:48,Neutral,20
929,22:14:48,Neutral,20
930,22:14:48,Neutral,20
931,22:14:48,Neutral,20
932,22:14:48,Neutral,20
933,22:14:48,Neutral,20
934,22:14:48,Neutral,20
935,22:14:48,Neutral,20
936,22:14:48,Neutral,20
937,22:14:48,Neutral,20
938,22:14:48,Neutral,20
939,22:14:48,Neutral,20
940,22:14:48,Neutral,20
941,22:14:48,Neutral,20
942,22:14:48,Neutral,20
943,22:14:48,Neutral,20
944,22:14:48,Neutral,20
945,22:14:48,Neutral,20
946,22:14:48,Neutral,20
947,22:14:48,Neutral,20
948,22:14:48,Neutral,20
949,22:14:48,Neutral,20
950,22:14:48,Neutral,20
951,22:14:48,Neutral,20
952,22:14:48,Neutral,20
953,22:14:48,Neutral,20
954,22:14:48,Neutral,20
955,22:14:48,Neutral,20
956,22:14:48,Neutral,20
957,22:14:48,Neutral,20
958,22:14:48,Neutral,20
959,22:14:49,Neutral,20
960,22:14:49,Neutral,20
961,22:14:49,Neutral,20
962,22:14:49,Neutral,20
963,22:14:49,Neutral,20
964,22:14:49,Neutral,20
965,22:14:49,Neutral,20
966,22:14:49,Neutral,20
967,22:14:49,Neutral,20
968,22:14:49,Neutral,20
969,22:14:49,Neutral,20
970,22:14:49,Neutral,20
971,22:14:49,Neutral,20
972,22:14:49,Neutral,20
973,22:14:49,Neutral,20
974,22:14:49,Neutral,20
975,22:14:49,Neutral,20
976,22:14:49,Neutral,20
977,22:14:49,Neutral,20
978,22:14:49,Neutral,20
979,22:14:49,Neutral,20
